horizon,threshold,accuracy,f1_macro,f1_weighted,precision_0,recall_0,precision_2,recall_2
3,0.01,0.48549234635595157,0.3750001779711379,0.5367085458038149,0.1757779646761985,0.36925795053003535,0.18772893772893773,0.3333333333333333
3,0.012,0.4946310258167695,0.36432664063079967,0.5626029182532225,0.1467522052927025,0.39869281045751637,0.16187739463601533,0.35881104033970274
3,0.014,0.5069682430888737,0.34792169317267274,0.5875594584282009,0.11662726556343578,0.4088397790055249,0.13606911447084233,0.34710743801652894
3,0.016,0.5339273474982865,0.33986106020954293,0.6234826378754319,0.10147299509001637,0.4246575342465753,0.10885167464114832,0.3137931034482759
3,0.018,0.5526616403929632,0.33411455095670445,0.6485442550092921,0.09403862300587741,0.45528455284552843,0.08857509627727857,0.30666666666666664
3,0.02,0.5967557687914097,0.3309236170157362,0.6939059104254278,0.07868525896414343,0.3872549019607843,0.07046070460704607,0.29545454545454547
3,0.022,0.6182316655243317,0.3271482788885672,0.7184983935895315,0.06666666666666667,0.38823529411764707,0.06231003039513678,0.2971014492753623
3,0.024,0.645419236920265,0.3185640562122995,0.7460132642453042,0.061555075593952485,0.3931034482758621,0.03728813559322034,0.20754716981132076
3,0.026,0.6970527758738863,0.333718594356124,0.7884977819898854,0.05392156862745098,0.3826086956521739,0.049689440993788817,0.26373626373626374
3,0.028,0.7059629883481837,0.32155040835922494,0.8005829755052596,0.03787878787878788,0.32608695652173914,0.0391304347826087,0.25
3,0.03,0.7349782956362806,0.3264989370522607,0.8226783151071131,0.040268456375838924,0.3614457831325301,0.034031413612565446,0.21666666666666667
3,0.032,0.7518848526387937,0.32445457247764314,0.8362753937730255,0.043356643356643354,0.4246575342465753,0.020588235294117647,0.13725490196078433
3,0.034,0.7948366461046379,0.33674109579898376,0.8675039684621256,0.04133545310015898,0.4482758620689655,0.028225806451612902,0.17073170731707318
3,0.036,0.8309344299748687,0.34254426505651225,0.8919945809819793,0.03411513859275053,0.32653061224489793,0.03292181069958848,0.25
3,0.038,0.8551519305460361,0.3432352009780632,0.9085610842221798,0.02891566265060241,0.27906976744186046,0.03125,0.23076923076923078
3,0.04,0.8700022846698652,0.3305810787172765,0.9193001109934206,0.021220159151193633,0.21621621621621623,0.012422360248447204,0.1
4,0.01,0.4599040438656614,0.3802199386683382,0.4975852728662189,0.19233550253073028,0.3855072463768116,0.23757455268389663,0.3103896103896104
4,0.012,0.47978067169294036,0.36690421525635974,0.5319220429915316,0.16369529983792544,0.3568904593639576,0.18514946962391515,0.3194675540765391
4,0.014,0.49645876170893305,0.35895174828740983,0.5608796753184552,0.14563928873835733,0.36909871244635195,0.1544477028347996,0.32916666666666666
4,0.016,0.5195339273474983,0.36182751554570136,0.5940982157516009,0.13140495867768595,0.41952506596306066,0.14743589743589744,0.35475578406169667
4,0.018,0.5252456020105095,0.3402896620346508,0.6116958808807611,0.10588235294117647,0.39009287925696595,0.11272321428571429,0.33223684210526316
4,0.02,0.5419236920265021,0.3309346404397578,0.6349179090957429,0.10289115646258504,0.4416058394160584,0.08131067961165049,0.27235772357723576
4,0.022,0.5627141877998629,0.3264796035824981,0.6601435241271778,0.09049360146252285,0.42127659574468085,0.06973848069738481,0.27053140096618356
4,0.024,0.5803061457619374,0.31376503202907896,0.6819579340960297,0.06679764243614932,0.34517766497461927,0.05789473684210526,0.2619047619047619
4,0.026,0.5933287639936029,0.3130650007683868,0.6989149023602961,0.058358061325420374,0.34705882352941175,0.05647382920110193,0.29927007299270075
4,0.028,0.64793237377199,0.315756215624217,0.74664251826269,0.05292792792792793,0.3197278911564626,0.04054054054054054,0.22018348623853212
4,0.03,0.6625542609092986,0.32052551664343015,0.7629634694519928,0.047619047619047616,0.3474576271186441,0.04679376083188908,0.30337078651685395
4,0.032,0.6860863605209048,0.3172751086717792,0.78411319017241,0.043478260869565216,0.3917525773195876,0.034934497816593885,0.20512820512820512
4,0.034,0.7148732008224812,0.3171218952458713,0.8075853867815168,0.04625,0.43529411764705883,0.0196078431372549,0.125
4,0.036,0.7548549234635595,0.3163121814152237,0.837688066953632,0.03359173126614987,0.35135135135135137,0.016,0.07692307692307693
4,0.038,0.7781585560886451,0.32329171911801113,0.8541674111093356,0.03840245775729647,0.35714285714285715,0.014598540145985401,0.09523809523809523
4,0.04,0.8012337217272104,0.3300176411169718,0.8718947296237481,0.03595890410958904,0.3387096774193548,0.01984126984126984,0.15625
5,0.01,0.44299748686314827,0.38474650929432935,0.47320447847498187,0.2198120028922632,0.38974358974358975,0.25334522747546834,0.33649289099526064
5,0.012,0.45145076536440487,0.3686498468140364,0.49455357624818214,0.1796078431372549,0.35176651305683565,0.2136006974716652,0.34458509142053445
5,0.014,0.4631025816769477,0.3639083161738279,0.5178128781037256,0.15408560311284047,0.3548387096774194,0.1987353206865402,0.3799654576856649
5,0.016,0.4731551290838474,0.34983289790892313,0.5394451505809326,0.1462882096069869,0.4222689075630252,0.15047021943573669,0.3090128755364807
5,0.018,0.5147361206305688,0.3497188404174619,0.5874460588446686,0.12489307100085544,0.35436893203883496,0.132829373650108,0.3170103092783505
5,0.02,0.5327850125656842,0.3406554557370258,0.6118237686138605,0.11428571428571428,0.3526170798898072,0.10599078341013825,0.2911392405063291
5,0.022,0.5318711446196025,0.328886278365679,0.6219072230072965,0.10064043915827996,0.36303630363036304,0.08775731310942579,0.30337078651685395
5,0.024,0.5359835503769705,0.32321954932687597,0.6340018773755663,0.08269394714407502,0.3716475095785441,0.08757396449704143,0.3333333333333333
5,0.026,0.5579163810829335,0.32050609116915146,0.6599283689742723,0.07657247037374658,0.3783783783783784,0.072992700729927,0.32085561497326204
5,0.028,0.5844185515193054,0.31845143791737734,0.6867565843497772,0.06666666666666667,0.36787564766839376,0.06424581005586592,0.2857142857142857
5,0.03,0.6104637879826366,0.31079632413523206,0.712409280263113,0.0539714867617108,0.3271604938271605,0.04900459418070444,0.2222222222222222
5,0.032,0.6342243545807631,0.3141658379299982,0.7356789196602533,0.05292171995589857,0.34285714285714286,0.04430379746835443,0.24778761061946902
5,0.034,0.693397304089559,0.32267821334628166,0.7815969088774001,0.042839657282741736,0.28225806451612906,0.045454545454545456,0.20833333333333334
5,0.036,0.7214987434315742,0.3321975633564934,0.8074795119179292,0.044058744993324434,0.3173076923076923,0.047505938242280284,0.2631578947368421
5,0.038,0.7448023760566598,0.32381339679975973,0.8268443979433376,0.03225806451612903,0.25555555555555554,0.03529411764705882,0.19672131147540983
5,0.04,0.7614804660726525,0.321356889115819,0.8404817158483456,0.03225806451612903,0.2727272727272727,0.024096385542168676,0.14545454545454545
6,0.01,0.4146675805346127,0.37358065743768837,0.438874938869811,0.22485632183908047,0.36997635933806144,0.26422764227642276,0.3410283315844701
6,0.012,0.43043180260452363,0.37573600802338497,0.4670852432507669,0.20204081632653062,0.4062927496580027,0.2446167097329888,0.35813366960907944
6,0.014,0.4594471098926205,0.37236153841405994,0.5039653534150673,0.18645357686453576,0.38704581358609796,0.20705663881151345,0.3373676248108926
6,0.016,0.4656157185286726,0.3606694915896442,0.5230231603496868,0.16288492706645058,0.37153419593345655,0.17421602787456447,0.36363636363636365
6,0.018,0.48640621430203335,0.3510555370645924,0.5521018622282892,0.13920922570016475,0.3618843683083512,0.15004935834155972,0.33043478260869563
6,0.02,0.5021704363719443,0.3465237014521627,0.5754307475512609,0.1311740890688259,0.39416058394160586,0.12837108953613807,0.30357142857142855
6,0.022,0.5119945167923236,0.33197755977657784,0.5950334624827869,0.1113881961762261,0.3850574712643678,0.1019036954087346,0.2826086956521739
6,0.024,0.5222755311857437,0.32140475613284863,0.6116601787659497,0.09239130434782608,0.33774834437086093,0.08804347826086957,0.2852112676056338
6,0.026,0.5314142106465616,0.3129672821160716,0.6305803371577168,0.07818181818181819,0.3333333333333333,0.07378854625550661,0.2875536480686695
6,0.028,0.5510623714873201,0.3124959605271357,0.6520800882063884,0.07608695652173914,0.35443037974683544,0.06273062730627306,0.2602040816326531
6,0.03,0.5741375371258853,0.307353398004528,0.6770727143872506,0.06710158434296365,0.34951456310679613,0.048209366391184574,0.20958083832335328
6,0.032,0.5844185515193054,0.3021266599094639,0.690880388388224,0.047932330827067667,0.28651685393258425,0.051319648093841645,0.23333333333333334
6,0.034,0.6068083161983093,0.29858545167061995,0.7133782335648817,0.04906771344455348,0.3125,0.032,0.16666666666666666
6,0.036,0.6415352981494175,0.3021296892901691,0.7449172108778185,0.03816793893129771,0.26515151515151514,0.03327495621716287,0.1919191919191919
6,0.038,0.667352067626228,0.3007844459315469,0.7673953712970049,0.03538812785388128,0.25833333333333336,0.022132796780684104,0.13253012048192772
6,0.04,0.6938542380625999,0.3070607288237979,0.7894834789376818,0.030303030303030304,0.2358490566037736,0.02733485193621868,0.17391304347826086
7,0.01,0.4034726981951108,0.37212518893881974,0.4244781789012319,0.2329624478442281,0.36373507057546145,0.274079874706343,0.3458498023715415
7,0.012,0.42243545807630795,0.3733154389401603,0.454594860810038,0.210412147505423,0.3697585768742058,0.2458366375892149,0.36556603773584906
7,0.014,0.42951793465844185,0.3602420193386224,0.4700741482637891,0.18730407523510972,0.3453757225433526,0.20863309352517986,0.3551020408163265
7,0.016,0.45099383139136395,0.36483622385864556,0.5010751206962537,0.17697063369397217,0.3791390728476821,0.1937128292268479,0.36018957345971564
7,0.018,0.46675805346127486,0.35445409846299114,0.5251940869352285,0.16091954022988506,0.37333333333333335,0.15978456014362658,0.33458646616541354
7,0.02,0.4809230066255426,0.34766986883826195,0.5477776310287565,0.14051724137931035,0.35357917570498915,0.14324817518248176,0.3398268398268398
7,0.022,0.48503541238291065,0.33642183236760625,0.5605634376440484,0.12631578947368421,0.3851851851851852,0.12124248496993988,0.3032581453634085
7,0.024,0.5044551062371487,0.3252422781184538,0.5889326078080716,0.0985178727114211,0.3294460641399417,0.10455486542443064,0.3005952380952381
7,0.026,0.5343842814713274,0.32724512732067673,0.6235116635538591,0.0999131190269331,0.38333333333333336,0.08382526564344746,0.24825174825174826
7,0.028,0.5421521590130226,0.32339484275631186,0.6353934986124277,0.08857395925597875,0.37453183520599254,0.08131067961165049,0.27800829875518673
7,0.03,0.5451222298377885,0.3130269370251112,0.6452584836606593,0.07424381301558204,0.32793522267206476,0.0695754716981132,0.29207920792079206
7,0.032,0.562257253826822,0.3115488076989763,0.6662642544548626,0.0639481000926784,0.3399014778325123,0.06598984771573604,0.2988505747126437
7,0.034,0.5681973954763536,0.30083221436147245,0.6768794192880987,0.054367201426024955,0.33516483516483514,0.05106382978723404,0.25
7,0.036,0.6088645190769933,0.30584682942418695,0.7138626251472203,0.04906771344455348,0.31446540880503143,0.04487179487179487,0.2222222222222222
7,0.038,0.6157185286726068,0.3033450422594496,0.7235959266238229,0.04,0.2746478873239437,0.045171339563862926,0.27358490566037735
7,0.04,0.6477039067854695,0.3021642731805796,0.751392568336201,0.03634361233480176,0.2661290322580645,0.032432432432432434,0.20454545454545456
8,0.01,0.4018734292894677,0.37506747197604495,0.41811115549036804,0.2513262599469496,0.38555442522889116,0.28511705685618727,0.3223062381852552
8,0.012,0.4201507882111035,0.37869913467394195,0.44382104702901554,0.23651452282157676,0.3953757225433526,0.26288659793814434,0.33260869565217394
8,0.014,0.4320310715101668,0.3764182722171822,0.4649061225644809,0.22763636363636364,0.4167776298268975,0.22454090150250416,0.33921815889029006
8,0.016,0.44528215672835275,0.3662808710373546,0.48534302751935704,0.19290123456790123,0.3834355828220859,0.207020702070207,0.3281027104136947
8,0.018,0.45807630797349785,0.35626540905857795,0.5071380438134512,0.17058823529411765,0.35121107266435986,0.17615658362989323,0.3235294117647059
8,0.02,0.4699565912725611,0.3451050304798176,0.5272144696756367,0.14741379310344827,0.333984375,0.15188679245283018,0.30666666666666664
8,0.022,0.47543979894905186,0.3387574312146078,0.5429115736344214,0.1286549707602339,0.34451901565995524,0.1402321083172147,0.32293986636971045
8,0.024,0.49874343157413753,0.3433082889165735,0.5724522486791801,0.12786885245901639,0.38613861386138615,0.12684989429175475,0.3037974683544304
8,0.026,0.5033127713045465,0.3191149630882542,0.5887013544193411,0.10026857654431513,0.31728045325779036,0.08943089430894309,0.26666666666666666
8,0.028,0.5154215215901302,0.31895901201707133,0.6054209543938538,0.09982486865148861,0.36538461538461536,0.07934782608695652,0.25704225352112675
8,0.03,0.5412382910669409,0.31993062207197126,0.6344288971501507,0.07970342910101946,0.3104693140794224,0.08323699421965318,0.2868525896414343
8,0.032,0.553575508339045,0.32048689888376586,0.6492990872064294,0.08412098298676748,0.3531746031746032,0.07151370679380215,0.28169014084507044
8,0.034,0.5496915695681974,0.3060820172939826,0.654026259340125,0.055506607929515416,0.2930232558139535,0.0718954248366013,0.3107344632768362
8,0.036,0.5807630797349783,0.310012779666993,0.6855419663550518,0.056695992179863146,0.3118279569892473,0.059602649006622516,0.2922077922077922
8,0.038,0.5931002970070824,0.3039430975962079,0.7008117794789771,0.046242774566473986,0.2891566265060241,0.051698670605613,0.28
8,0.04,0.6084075851039524,0.30519624432765485,0.7173881304488329,0.04212637913741224,0.2978723404255319,0.04984894259818731,0.2972972972972973
9,0.01,0.4066712360063971,0.3822946649764906,0.4170280368535532,0.27883981542518127,0.4055608820709492,0.2960352422907489,0.29708222811671087
9,0.012,0.40986977381768336,0.3746757613127867,0.4297208555271799,0.24383744170552965,0.3982589771490751,0.26788830715532286,0.31135902636916835
9,0.014,0.404615033127713,0.3573940102455975,0.43501519155820356,0.2078272604588394,0.3793103448275862,0.22984562607204118,0.3145539906103286
9,0.016,0.431117203564085,0.36554276345213704,0.46704111529534204,0.199854121079504,0.3779310344827586,0.2202486678507993,0.32847682119205296
9,0.018,0.4450536897418323,0.3602054301653311,0.4890129421591585,0.18461538461538463,0.3590551181102362,0.19161676646706588,0.3373493975903614
9,0.02,0.4578478409869774,0.3519176780363184,0.5120399138663317,0.1608730800323363,0.3651376146788991,0.16772438803263826,0.3178694158075601
9,0.022,0.4816084075851039,0.352296999234406,0.5410496707746107,0.15579119086460033,0.37896825396825395,0.14762386248736098,0.2937625754527163
9,0.024,0.4818368745716244,0.34146040888186735,0.5500965417946153,0.13312202852614896,0.3775280898876405,0.13655462184873948,0.3037383177570093
9,0.026,0.49280328992460587,0.3350547527210271,0.5681217868234552,0.1261487050960735,0.3756218905472637,0.11363636363636363,0.29649595687331537
9,0.028,0.5151930546036098,0.3354719071201526,0.5971274030289166,0.11403508771929824,0.37681159420289856,0.10498409331919406,0.3009118541033435
9,0.03,0.5186200594014165,0.3307284248677243,0.6069867566360426,0.10308370044052863,0.3786407766990291,0.09926082365364308,0.33098591549295775
9,0.032,0.5193054603609778,0.31617228757864196,0.6149876798030443,0.08975521305530372,0.3535714285714286,0.07820646506777894,0.29880478087649404
9,0.034,0.540324423120859,0.32047122213533574,0.6398942952833833,0.0776255707762557,0.35269709543568467,0.08361204013377926,0.3393665158371041
9,0.036,0.5570025131368517,0.3141359652761744,0.660555116650755,0.06919431279620854,0.3459715639810427,0.06839622641509434,0.31868131868131866
9,0.038,0.5707105323280786,0.30415627350130464,0.6780778960838283,0.05024630541871921,0.2802197802197802,0.06,0.31788079470198677
9,0.04,0.5837331505597441,0.29970684910190576,0.6944535844658056,0.044061302681992334,0.2911392405063291,0.05042016806722689,0.2926829268292683
10,0.01,0.4146675805346127,0.3973658987537829,0.4221069578918517,0.3038961038961039,0.42778793418647165,0.3287316652286454,0.3220625528317836
10,0.012,0.40370116518163124,0.3719810852859397,0.4181049546343296,0.2611842105263158,0.4059304703476483,0.2689152233363719,0.28612997090203685
10,0.014,0.4048435001142335,0.36137085705847466,0.4299773105070912,0.22667588113337941,0.3791907514450867,0.233446519524618,0.3005464480874317
10,0.016,0.42654786383367604,0.36583384877788094,0.4585568069191516,0.2137240886347391,0.3893229166666667,0.21903052064631956,0.3023543990086741
10,0.018,0.44756682659355723,0.3680390739352022,0.4865348935457683,0.2055003819709702,0.3904208998548621,0.19708029197080293,0.30725462304409673
10,0.02,0.4635595156499886,0.3652248744028634,0.5100939126645655,0.18373729476153244,0.3871499176276771,0.1844380403458213,0.3086816720257235
10,0.022,0.4713273931916838,0.35228265531667885,0.5255243505656456,0.16277195809830783,0.3713235294117647,0.15568862275449102,0.2831215970961887
10,0.024,0.47064199223212244,0.34218703784225246,0.5332865571378077,0.1393258426966292,0.38193018480492813,0.14782608695652175,0.27755102040816326
10,0.026,0.4861777473155129,0.3392998788969863,0.5554859859097924,0.1321056845476381,0.3733031674208145,0.12779552715654952,0.2830188679245283
10,0.028,0.5033127713045465,0.33300595901764507,0.5804351171162183,0.10243492863140219,0.3168831168831169,0.125,0.3095890410958904
10,0.03,0.5115375828192826,0.33183384565944263,0.5946576621718954,0.10243492863140219,0.3515850144092219,0.11148272017837235,0.31545741324921134
10,0.032,0.5204477952935801,0.3250904966683826,0.6106009088003618,0.09332191780821918,0.36577181208053694,0.09561304836895389,0.302491103202847
10,0.034,0.5222755311857437,0.31178911923003044,0.6191050643033437,0.0728363324764353,0.3269230769230769,0.08548009367681499,0.3004115226337449
10,0.036,0.5352981494174092,0.30770759600487785,0.6368205700956946,0.06133333333333333,0.3,0.07875894988066826,0.3142857142857143
10,0.038,0.5496915695681974,0.3085865629798685,0.6559177615882358,0.054694621695533276,0.2955665024630542,0.0761789600967352,0.3620689655172414
10,0.04,0.5563171121772904,0.30207421033347165,0.6653543014553511,0.055347091932457786,0.3072916666666667,0.058465286236297195,0.3221476510067114
11,0.01,0.40278729723554946,0.38860329436658786,0.4087460380762269,0.3016077170418006,0.40853658536585363,0.3276595744680851,0.3135179153094462
11,0.012,0.4048435001142335,0.37533049892694,0.41458468097603424,0.2653651482284888,0.35631067961165047,0.2963940193491645,0.30776255707762556
11,0.014,0.4187799862919808,0.3706656853208011,0.434072809266371,0.2383073496659243,0.3519736842105263,0.2681992337164751,0.28600612870275793
11,0.016,0.42951793465844185,0.368678873854502,0.45337008409697716,0.22649888971132495,0.375,0.23298178331735378,0.28027681660899656
11,0.018,0.4512222983778844,0.36975842308756973,0.4816077151702492,0.21089494163424125,0.3677069199457259,0.21327967806841047,0.2800528401585205
11,0.02,0.46104637879826366,0.3665029813352958,0.49864698807297214,0.196781272860278,0.4045112781954887,0.19599109131403117,0.2603550295857988
11,0.022,0.47338359607036784,0.35526613049627076,0.5214086875189373,0.16854778028592926,0.3875432525951557,0.16647531572904709,0.2457627118644068
11,0.024,0.47246972812428606,0.33935768439738306,0.529956965745134,0.1377072819033886,0.3701550387596899,0.1509433962264151,0.23210831721470018
11,0.026,0.4852638793694311,0.34278383464149714,0.5501737449763567,0.13353338334583645,0.38362068965517243,0.14218009478672985,0.2643171806167401
11,0.028,0.4966872286954535,0.33473753736519796,0.5688503665582799,0.11644374508261211,0.3627450980392157,0.12514898688915377,0.26515151515151514
11,0.03,0.5119945167923236,0.33664291015202535,0.588546753111561,0.1169255928045789,0.3783068783068783,0.11242603550295859,0.268361581920904
11,0.032,0.5215901302261823,0.33039035761582636,0.6041843923352856,0.09503784693019345,0.3383233532934132,0.11097560975609756,0.2993421052631579
11,0.034,0.5359835503769705,0.3292351015035252,0.6242322505747809,0.08392226148409894,0.3298611111111111,0.10589651022864019,0.32592592592592595
11,0.036,0.5455791638108294,0.3230208969368444,0.6397421832994085,0.07596067917783736,0.3333333333333333,0.09135802469135802,0.3148936170212766
11,0.038,0.55608864519077,0.3166412557731975,0.6557515109199592,0.06593406593406594,0.314410480349345,0.07934508816120907,0.32142857142857145
11,0.04,0.5595156499885766,0.3131189064827257,0.6641381099696312,0.059555555555555556,0.32682926829268294,0.075,0.3333333333333333
12,0.01,0.4146675805346127,0.4016627055980401,0.41730126479435303,0.3383977900552486,0.4117647058823529,0.33663366336633666,0.31949882537196556
12,0.012,0.42220699108978754,0.39319649933780704,0.4273526538805192,0.30656934306569344,0.39399624765478425,0.30642201834862387,0.29170305676855895
12,0.014,0.4283755997258396,0.38220651025487756,0.4404248995895889,0.2558667676003028,0.3576719576719577,0.2836676217765043,0.2903225806451613
12,0.016,0.4247201279415124,0.36505049170454434,0.4456438283980008,0.22464898595943839,0.33410672853828305,0.23486238532110093,0.2810098792535675
12,0.018,0.44185515193054603,0.3668609392462912,0.4678425005158955,0.21257237386269645,0.33247089262613194,0.22201492537313433,0.28743961352657005
12,0.02,0.4608179118117432,0.3581444045728616,0.4931736388539223,0.18085106382978725,0.29310344827586204,0.19702970297029704,0.2741046831955923
12,0.022,0.4701850582590816,0.35701996190501534,0.5088542204768997,0.17145270270270271,0.32273449920508746,0.18609625668449198,0.2648401826484018
12,0.024,0.4761251999086132,0.35004175960921796,0.5266133397391455,0.15353371242891958,0.34177215189873417,0.16286644951140064,0.26455026455026454
12,0.026,0.485720813342472,0.344933204861313,0.5441774517505242,0.14067524115755628,0.35714285714285715,0.14592760180995476,0.25748502994011974
12,0.028,0.4889193511537583,0.3397053125231591,0.5580161088262242,0.13177710843373494,0.39503386004514673,0.12853773584905662,0.2607655502392344
12,0.03,0.5012565684258624,0.3340287508845914,0.5775516766979776,0.11232449297971919,0.36,0.11990407673860912,0.273972602739726
12,0.032,0.5092529129540782,0.32859249438949695,0.5883922435067902,0.10869565217391304,0.3698630136986301,0.1039119804400978,0.25297619047619047
12,0.034,0.5149645876170893,0.3237931230962601,0.601668507082212,0.09558823529411764,0.3644859813084112,0.09759036144578313,0.2773972602739726
12,0.036,0.5250171350239891,0.31564869471091045,0.6162984954793725,0.08333333333333333,0.3310104529616725,0.08372641509433962,0.27307692307692305
12,0.038,0.5396390221612977,0.31622097725065473,0.6360272493185274,0.06803939122649955,0.30278884462151395,0.08848484848484849,0.32158590308370044
12,0.04,0.540324423120859,0.3106378368467436,0.6438366453279397,0.06426056338028169,0.32882882882882886,0.07729468599033816,0.3386243386243386
14,0.01,0.3989033584647019,0.3869601479767699,0.3987762746988949,0.32750759878419455,0.34730056406124094,0.34335443037974683,0.3229166666666667
14,0.012,0.41855151930546036,0.3927348904435446,0.41917940480533333,0.3205013428827216,0.32107623318385653,0.32749003984063746,0.33441822620016276
14,0.014,0.4187799862919808,0.3777980823827014,0.42309123266354637,0.2732290708371665,0.29261083743842364,0.29328914664457334,0.3129973474801061
14,0.016,0.43614347726753483,0.387814361431446,0.4497864721673722,0.26120689655172413,0.3300653594771242,0.2769485903814262,0.32938856015779094
14,0.018,0.4436828878227096,0.38023217084984035,0.4630193792688254,0.2297410192147034,0.3262158956109134,0.2590909090909091,0.3114754098360656
14,0.02,0.4391135480923007,0.36675414667671813,0.4686463120309914,0.197172034564022,0.3289646133682831,0.23283858998144713,0.30609756097560975
14,0.022,0.45807630797349785,0.36505164354800623,0.49223693687345293,0.19063270336894,0.3357452966714906,0.20553359683794467,0.2829931972789116
14,0.024,0.4601325108521819,0.3566858317949551,0.5043468416641592,0.1799227799227799,0.36984126984126986,0.17476732161323683,0.2717041800643087
14,0.026,0.4615033127713045,0.3448069917139531,0.5145172196402016,0.166156202143951,0.3747841105354059,0.14389989572471323,0.2518248175182482
14,0.028,0.46538725154215216,0.34457571258238756,0.5245841051443864,0.1486090775988287,0.3881453154875717,0.15274725274725276,0.281947261663286
14,0.03,0.47543979894905186,0.3426299585151738,0.5419830231851706,0.13890963405526513,0.3866943866943867,0.14021739130434782,0.296551724137931
14,0.032,0.4802376056659813,0.33215255953101064,0.5551518435175804,0.10817120622568094,0.33095238095238094,0.13655913978494624,0.3264781491002571
14,0.034,0.4893762851267992,0.3222955145552892,0.5721701705374833,0.10311750599520383,0.34308510638297873,0.10594594594594595,0.2890855457227139
14,0.036,0.49280328992460587,0.31161387660970935,0.5847069510644948,0.08238172920065252,0.3126934984520124,0.0962566844919786,0.30716723549488056
14,0.038,0.5092529129540782,0.31096758089979787,0.6030436942274899,0.07545533391153512,0.30103806228373703,0.0907103825136612,0.3132075471698113
14,0.04,0.5081105780214759,0.29998956507665414,0.6110727310427087,0.06735751295336788,0.30952380952380953,0.07272727272727272,0.29694323144104806
16,0.01,0.40118802832990635,0.3915710734208873,0.3985084846792917,0.35655737704918034,0.33931357254290173,0.35383447228549736,0.328400281888654
16,0.012,0.40941283984464244,0.38893341999387837,0.40955147895568356,0.3201347935973041,0.32148900169204736,0.32248062015503876,0.3227307990690458
16,0.014,0.41375371258853094,0.3815731135519988,0.41797850904963935,0.28653530377668307,0.32616822429906545,0.3007646559048428,0.30360205831903947
16,0.016,0.4059858350468357,0.36987280777023807,0.41824941481671246,0.2580899763220205,0.3303030303030303,0.2679738562091503,0.3091423185673893
16,0.018,0.41946538725154214,0.3737713323948475,0.4370886049745735,0.2412672623883022,0.32709251101321585,0.2620408163265306,0.3309278350515464
16,0.02,0.4201507882111035,0.3586361846076669,0.44583549848629994,0.2159468438538206,0.32138442521631644,0.21862011637572734,0.3040462427745665
16,0.022,0.4270047978067169,0.35530356067939156,0.459102089865577,0.20740103270223753,0.3187830687830688,0.19641401792991034,0.3097686375321337
16,0.024,0.44665295864747545,0.36382171577122685,0.4854174325681722,0.20304568527918782,0.3463203463203463,0.19019442096365174,0.3218884120171674
16,0.026,0.44002741603838247,0.34488819547131583,0.48749279353332703,0.1735340729001585,0.3427230046948357,0.16289592760180996,0.2912621359223301
16,0.028,0.4537354352296093,0.3509773529123373,0.5072947930195074,0.16460587326120557,0.37302977232924694,0.16682375117813383,0.32181818181818184
16,0.03,0.448480694539639,0.3345219526045968,0.5095863319748717,0.13871473354231975,0.3416988416988417,0.14887640449438203,0.31610337972166996
16,0.032,0.46812885538039756,0.3328804183413285,0.5344831777888738,0.12489927477840451,0.3276955602536998,0.1381048387096774,0.30580357142857145
16,0.034,0.4870916152615947,0.3392697108767981,0.5601639119959428,0.1205733558178752,0.3325581395348837,0.13418217433888344,0.3468354430379747
16,0.036,0.4765821338816541,0.32290045109756754,0.5587428157726118,0.1016949152542373,0.3133159268929504,0.11753731343283583,0.3631123919308357
16,0.038,0.48777701622115605,0.30671455283630394,0.5776005415342853,0.0757439134355275,0.25609756097560976,0.09730250481695568,0.3289902280130293
16,0.04,0.48686314827507426,0.30431603783208555,0.5838620534986874,0.07015985790408526,0.2696245733788396,0.09430438842203548,0.36727272727272725
18,0.01,0.3824537354352296,0.3729953934928458,0.3773113596049803,0.34881756756756754,0.30774962742175854,0.35294117647058826,0.30919220055710306
18,0.012,0.4043865661411926,0.38670094889570317,0.40281592233765834,0.3172995780590717,0.3081967213114754,0.34321372854914195,0.3328290468986384
18,0.014,0.4068997029929175,0.37805147431419456,0.4084419242472897,0.2943201376936317,0.3064516129032258,0.30800990916597853,0.31187290969899667
18,0.016,0.4167237834132968,0.3794959808143646,0.4250776415780059,0.2830820770519263,0.33235004916420846,0.2723543888433142,0.30127041742286753
18,0.018,0.4231208590358693,0.37671587875816975,0.4377320693392025,0.2560581583198708,0.3419633225458468,0.25982905982905985,0.3018867924528302
18,0.02,0.4260909298606351,0.3696024568964395,0.4460170903647689,0.2326158940397351,0.32636469221835074,0.24333619948409285,0.3096280087527352
18,0.022,0.4254055289010738,0.3624478453243278,0.4517257549099983,0.22544283413848631,0.35,0.21317157712305027,0.2946107784431138
18,0.024,0.4219785241032671,0.3485999218236497,0.45609341843972806,0.20417633410672853,0.35772357723577236,0.1822262118491921,0.27102803738317754
18,0.026,0.437742746173178,0.3539191549324788,0.47724046111300694,0.19568690095846644,0.361890694239291,0.17985611510791366,0.2932551319648094
18,0.028,0.42723326479323737,0.33765678512672936,0.476814797570188,0.16462480857580397,0.3467741935483871,0.16283185840707964,0.3011456628477905
18,0.03,0.4391135480923007,0.3365501951638237,0.4948826137825894,0.15944272445820434,0.3626760563380282,0.14570135746606336,0.2854609929078014
18,0.032,0.4455106237148732,0.3322047821884225,0.5080301400274655,0.14454976303317535,0.34724857685009486,0.13730803974706413,0.30707070707070705
18,0.034,0.4491660954992004,0.3255187576782203,0.5198481959704131,0.13163972286374134,0.36538461538461536,0.12349117920148561,0.29954954954954954
18,0.036,0.4569339730408956,0.3205843637218986,0.535101915783699,0.1111111111111111,0.33014354066985646,0.12047101449275362,0.3350125944584383
18,0.038,0.4585332419465387,0.3099036690699007,0.5431247805940556,0.09113504556752279,0.2925531914893617,0.11191335740072202,0.3473389355742297
18,0.04,0.4592186429061001,0.3060576833649867,0.549883655441501,0.07844756399669695,0.2785923753665689,0.11180124223602485,0.3806646525679758
20,0.01,0.3724011880283299,0.3685751378769968,0.3694553219552715,0.3649805447470817,0.3369252873563218,0.3508500772797527,0.30842391304347827
20,0.012,0.37879826365090247,0.36786702366211155,0.3768031087990303,0.3338748984565394,0.3221003134796238,0.3239656518345043,0.3053715967623252
20,0.014,0.387251542152159,0.36909134527714516,0.3892511738718755,0.3055555555555556,0.33304498269896193,0.2998417721518987,0.29960474308300394
20,0.016,0.4039296321681517,0.3777111538933511,0.4104458692256139,0.30112721417069244,0.34726090993500464,0.28028503562945367,0.3072916666666667
20,0.018,0.4068997029929175,0.36939443815396683,0.4171310518860946,0.2684563758389262,0.3235591506572295,0.2635408245755861,0.3038210624417521
20,0.02,0.41946538725154214,0.3682523661006065,0.43379463796192014,0.2463768115942029,0.31344902386117135,0.25128644939965694,0.3029989658738366
20,0.022,0.42220699108978754,0.36587202978533995,0.4449035435823635,0.22916666666666666,0.3498233215547703,0.23220640569395018,0.2945823927765237
20,0.024,0.4192369202650217,0.3599145991640444,0.4488352969785122,0.22043010752688172,0.36889460154241643,0.20985556499575192,0.3056930693069307
20,0.026,0.4103267077907242,0.3407305659395851,0.4474331060286057,0.19257012888551933,0.3522884882108183,0.1793103448275862,0.28454172366621067
20,0.028,0.4100982408042038,0.33653767531079665,0.4535632637888827,0.18368962787015045,0.3437037037037037,0.16666666666666666,0.3156297420333839
20,0.03,0.4167237834132968,0.34032283709762184,0.46669714363676734,0.18133129303749043,0.38599348534201955,0.16070007955449483,0.33610648918469216
20,0.032,0.4105551747772447,0.3240891523321678,0.46756883986526854,0.1626195732155997,0.3890845070422535,0.13606010016694492,0.29908256880733947
20,0.034,0.4167237834132968,0.3169904199670666,0.4821203030322763,0.13419257012888552,0.3477406679764244,0.13311148086522462,0.3225806451612903
20,0.036,0.4247201279415124,0.31072197410768126,0.496836367481089,0.12568306010928962,0.3484848484848485,0.11467116357504216,0.30699774266365687
20,0.038,0.43225953849668725,0.30588138491472,0.5110672221112253,0.1111111111111111,0.34352941176470586,0.10695187165775401,0.297029702970297
20,0.04,0.43591501028101437,0.29894731760692567,0.5214949769945222,0.09157212317666126,0.300531914893617,0.10423728813559321,0.33791208791208793
22,0.01,0.37400045693397305,0.3711297596469709,0.3704736273208147,0.38417676407697793,0.3777154870357393,0.3417004048582996,0.2820855614973262
22,0.012,0.38336760338131143,0.3751246229473176,0.3809522909246492,0.34960516870064606,0.3703422053231939,0.3283458021612635,0.2843772498200144
22,0.014,0.38131140050262735,0.36666838536562246,0.3817410472540262,0.32038123167155425,0.362655601659751,0.29657477025898077,0.2751937984496124
22,0.016,0.38405300434087275,0.3590839886565309,0.3881844504532481,0.2855061908230153,0.35094001790510293,0.26818580192813324,0.25757575757575757
22,0.018,0.4018734292894677,0.36746323330313874,0.4094194496491287,0.27183734939759036,0.35082604470359574,0.26881720430107525,0.26881720430107525
22,0.02,0.4066712360063971,0.3704167797258863,0.42012702358169274,0.259231905465288,0.36297828335056875,0.2649350649350649,0.2956521739130435
22,0.022,0.4002741603838245,0.35616375397487593,0.4184781733013586,0.2381625441696113,0.37032967032967035,0.23415977961432508,0.26870389884088514
22,0.024,0.4023303632625086,0.34710792160936865,0.42745878836223117,0.21454027084818247,0.3622141997593261,0.20964749536178107,0.26187717265353416
22,0.026,0.4096413068311629,0.34481310015868516,0.44134715723785983,0.1988388969521045,0.3549222797927461,0.19613259668508287,0.2713375796178344
22,0.028,0.40141649531642676,0.3301844631758393,0.441074027561083,0.17901687454145268,0.33936022253129344,0.16885389326334208,0.26805555555555555
22,0.03,0.402558830249029,0.33083384155861223,0.4492709868699858,0.17326732673267325,0.3746177370030581,0.1635434412265758,0.29357798165137616
22,0.032,0.41421064656157186,0.33091436328575435,0.4671214821358186,0.1610294117647059,0.36079077429983525,0.1564625850340136,0.3156089193825043
22,0.034,0.41283984464244916,0.31650648954139876,0.47228137479891813,0.14513677811550152,0.3410714285714286,0.131175468483816,0.28893058161350843
22,0.036,0.41855151930546036,0.31318576227969713,0.4836563945835167,0.12903225806451613,0.32475247524752476,0.12919463087248323,0.3168724279835391
22,0.038,0.43591501028101437,0.31577730360906714,0.5063841292002681,0.12159863945578231,0.3108695652173913,0.12325390304026294,0.3393665158371041
22,0.04,0.42426319396847156,0.3044389503579454,0.5021654739864209,0.11717495987158909,0.35872235872235875,0.10513447432762836,0.3146341463414634
24,0.01,0.3641763765135938,0.3619407010335319,0.3605974566075605,0.37067209775967414,0.3737166324435318,0.35418427726120033,0.2754766600920447
24,0.012,0.37605665981265707,0.3688690636350221,0.37276935936101274,0.34812760055478503,0.371301775147929,0.3333333333333333,0.27382645803698435
24,0.014,0.38176833447566827,0.37103107394330076,0.38207676526490775,0.32637439109255395,0.37670682730923694,0.31464435146443515,0.2865853658536585
24,0.016,0.38770847612519993,0.3724654415832764,0.39167314024402355,0.3055555555555556,0.3887931034482759,0.3003384094754653,0.2883834281072299
24,0.018,0.38770847612519993,0.3634884829080866,0.39540479517290245,0.284435261707989,0.38029465930018413,0.26521739130434785,0.2696728558797524
24,0.02,0.38770847612519993,0.36112269765623023,0.399756136228048,0.27010309278350514,0.3841642228739003,0.25549915397631134,0.28517469310670446
24,0.022,0.3922778158556089,0.35861539100936546,0.40864682542671166,0.2511450381679389,0.34235171696149846,0.2456828885400314,0.3171225937183384
24,0.024,0.38839387708476125,0.34590989120114385,0.411107352263721,0.21650264950794854,0.3242630385487528,0.2269108280254777,0.312157721796276
24,0.026,0.393877084761252,0.33909698653087056,0.4229711320752563,0.19492158327109785,0.31985294117647056,0.20585774058577405,0.29043683589138136
24,0.028,0.38976467900388395,0.33213364714738414,0.42406682193605677,0.17604617604617603,0.3214756258234519,0.20153061224489796,0.3046272493573265
24,0.03,0.3995887594242632,0.33474771910476436,0.4396775324330209,0.178979436405179,0.33428165007112376,0.18298555377207062,0.3285302593659942
24,0.032,0.40575736806031526,0.3305743314289738,0.4527643547044225,0.17748240813135263,0.348159509202454,0.1561014263074485,0.31319554848966613
24,0.034,0.39844642449166096,0.31637198168582376,0.45101348406786046,0.15384615384615385,0.3316412859560068,0.14444444444444443,0.3170731707317073
24,0.036,0.4096413068311629,0.3221990124963427,0.4680796534051523,0.14630225080385853,0.3327239488117002,0.14744079449961803,0.36278195488721804
24,0.038,0.42220699108978754,0.3185465816801106,0.48724431764110093,0.13129644921552436,0.3225152129817444,0.1360759493670886,0.3531827515400411
24,0.04,0.43431574137537127,0.31897271343086575,0.5030427432982862,0.13184931506849315,0.3492063492063492,0.1234866828087167,0.3304535637149028
28,0.01,0.3676033813114005,0.3672223047446858,0.36615709183493134,0.38284518828451886,0.3667334669338677,0.3880478087649402,0.30959949141767323
28,0.012,0.3680603152844414,0.3650239483614682,0.3654381292188865,0.3564493758668516,0.3624823695345557,0.3602015113350126,0.2932330827067669
28,0.014,0.37559972583961615,0.3677083617157288,0.37370396091425145,0.3407859078590786,0.3767790262172285,0.32582322357019067,0.2779009608277901
28,0.016,0.37354352296093213,0.3603414109940406,0.37360055279869714,0.3182135380321005,0.3633466135458167,0.29345955249569705,0.26661454261141515
28,0.018,0.3666895133653187,0.3537947658104115,0.3717574761720805,0.2920181700194679,0.38071065989847713,0.2782392026578073,0.2791666666666667
28,0.02,0.3692026502170436,0.35100666727146895,0.3777521089042338,0.27237851662404094,0.3915441176470588,0.26437768240343346,0.2732919254658385
28,0.022,0.36463331048663467,0.3453962910937653,0.37756089081174066,0.2493622448979592,0.38035019455252916,0.2584362139917695,0.2951127819548872
28,0.024,0.36303404158099156,0.33867971920848006,0.380295218358851,0.22911227154046998,0.36260330578512395,0.24311183144246354,0.2997002997002997
28,0.026,0.3737719899474526,0.3415854888553205,0.396202884409342,0.2079002079002079,0.32894736842105265,0.2425431711145997,0.3304812834224599
28,0.028,0.3671464473383596,0.3311151241463619,0.39440753158793734,0.19338959212376933,0.3242924528301887,0.22054380664652568,0.33679354094579006
28,0.03,0.3724011880283299,0.3230429002182522,0.40554004415294903,0.17659883720930233,0.3119383825417201,0.19592476489028213,0.3121098626716604
28,0.032,0.38313913639479097,0.3225805361109971,0.42110434954869436,0.17323420074349444,0.3231622746185853,0.1774193548387097,0.29649595687331537
28,0.034,0.3902216129769248,0.3205608493742428,0.4354260573549642,0.15712187958883994,0.3213213213213213,0.1689909762100082,0.3047337278106509
28,0.036,0.39410555174777245,0.3156810689675082,0.4441641996788409,0.1467680608365019,0.3102893890675241,0.15640194489465153,0.3068362480127186
28,0.038,0.4087274388850811,0.3147297668639062,0.46398164817337667,0.13244514106583072,0.292894280762565,0.14902624894157493,0.30662020905923343
28,0.04,0.4002741603838245,0.30494010826505147,0.4637349352289751,0.1254841208365608,0.31153846153846154,0.13029576338928858,0.30988593155893535
32,0.01,0.33813114005026274,0.3380641007659777,0.33885497131775666,0.3675715333822451,0.3211538461538462,0.3804511278195489,0.3104294478527607
32,0.012,0.3584647018505826,0.3578311172564744,0.35721776729277777,0.36409155937052934,0.3436866981769075,0.37178487918939984,0.31485148514851485
32,0.014,0.3637194425405529,0.36180842486285697,0.3629844531278577,0.34489937543372656,0.35323383084577115,0.35294117647058826,0.3211267605633803
32,0.016,0.34886908841672376,0.3456686426658319,0.34992342181997393,0.3090277777777778,0.33483822422874343,0.3187869822485207,0.3221225710014948
32,0.018,0.347955220470642,0.3419457526927923,0.3503134882442131,0.2954248366013072,0.3556254917387884,0.29856687898089174,0.29691211401425177
32,0.02,0.34726981951108066,0.33558865336133414,0.35188108565493076,0.27453769559032715,0.32139883430474603,0.273855702094647,0.2961409395973154
32,0.022,0.34681288553803974,0.3311455389614194,0.35492602496196124,0.25453226976069615,0.31564748201438847,0.25755287009063443,0.3025732031943212
32,0.024,0.34886908841672376,0.32893884894919295,0.36127005666173967,0.2392857142857143,0.32088122605363983,0.24078254326561324,0.30274361400189215
32,0.026,0.34681288553803974,0.3215243735513917,0.36249926061892074,0.21358490566037736,0.2893660531697341,0.23345454545454544,0.32196589769307926
32,0.028,0.3506968243088874,0.31868346552258825,0.37157409356592,0.1974921630094044,0.28187919463087246,0.21855235418130708,0.332620320855615
32,0.03,0.35549463102581674,0.31667704454428475,0.3801607864593266,0.18860353130016053,0.2794292508917955,0.2059447983014862,0.3352534562211982
32,0.032,0.3648617774731551,0.32028715222667364,0.39484454911950334,0.1744186046511628,0.28994845360824745,0.2063953488372093,0.34549878345498786
32,0.034,0.37742746173177977,0.32088421020183694,0.4125194817146075,0.1653290529695024,0.28851540616246496,0.19342793129200897,0.341688654353562
32,0.036,0.37834132967786155,0.3150016463611376,0.4190695716414048,0.15943238731218698,0.28721804511278193,0.17253774263120059,0.3409090909090909
32,0.038,0.3751427918665753,0.3076586921023307,0.4218539597174916,0.15525876460767946,0.3014586709886548,0.15211267605633802,0.3359253499222395
32,0.04,0.3865661411925977,0.3050512097520821,0.4409036730098206,0.14239218877135884,0.30329289428076256,0.13666915608663183,0.30756302521008405
36,0.01,0.35435229609321456,0.35296791126576693,0.3564010499080594,0.39290681502086233,0.3476923076923077,0.4010007147962831,0.33
36,0.012,0.34955448937628514,0.34961932221148895,0.3489804301976843,0.36564504632929434,0.3301158301158301,0.3799849510910459,0.315230961298377
36,0.014,0.35298149417409186,0.3523518537154575,0.3518216626097676,0.3486171761280932,0.32408660351826796,0.36289120715350226,0.32445036642238506
36,0.016,0.3591501028101439,0.35730245116031956,0.358466694899119,0.3408924652523775,0.3304964539007092,0.34702861335289803,0.33263009845288327
36,0.018,0.3497829563628056,0.34616696891838283,0.3498462000647561,0.3106004447739066,0.3110616184112843,0.3311306901615272,0.3325958702064897
36,0.02,0.3532099611606123,0.34631824091820224,0.3545157023037152,0.2950693374422188,0.2978227060653188,0.31424481030780244,0.3424336973478939
36,0.022,0.3527530271875714,0.3408169799393361,0.3549225821803965,0.2730290456431535,0.27055921052631576,0.30147575544624033,0.3522167487684729
36,0.024,0.350011423349326,0.3322720097366161,0.35536445767820324,0.255677039529016,0.2659667541557305,0.2693125442948264,0.336283185840708
36,0.026,0.3534384281471327,0.3303907517521198,0.363017195400347,0.24587458745874588,0.27850467289719627,0.2467438494934877,0.32883317261330763
36,0.028,0.3518391592414896,0.32368820413946314,0.3651850237639557,0.2320205479452055,0.26831683168316833,0.22571628232005592,0.3312820512820513
36,0.03,0.35549463102581674,0.3206611072256915,0.3742785243846069,0.2166095890410959,0.2723358449946179,0.20821727019498606,0.32785087719298245
36,0.032,0.36600411240575736,0.3226039017553947,0.38935443876544606,0.19931271477663232,0.27102803738317754,0.20441595441595442,0.3348891481913652
36,0.034,0.3662325793922778,0.3140012737401953,0.3947428858763748,0.1885245901639344,0.25972396486825594,0.18011126564673158,0.3278481012658228
36,0.036,0.36828878227096185,0.3083227558082918,0.402368951937703,0.1757469244288225,0.2684563758389262,0.16294160057678442,0.30294906166219837
36,0.038,0.37125885309572765,0.30196081450052564,0.4113411727975239,0.15885416666666666,0.2695139911634757,0.14929785661492978,0.29022988505747127
36,0.04,0.3724011880283299,0.2961280789444252,0.4192445888814652,0.1427357689039932,0.267515923566879,0.13862120088954782,0.288135593220339
40,0.01,0.3216815170207905,0.32013412702660504,0.32335695685594035,0.3613655287260616,0.26350941105039466,0.38535249828884327,0.3263768115942029
40,0.012,0.32236691798035183,0.3218669616119139,0.3216279983919182,0.35388513513513514,0.26552598225602025,0.3700440528634361,0.3073170731707317
40,0.014,0.33676033813114004,0.33579798731124866,0.3348575610176406,0.353628023352794,0.2802379378717779,0.36449963476990505,0.31743002544529264
40,0.016,0.3331048663468129,0.33052560092644073,0.3300952736163616,0.3367786391042205,0.2696551724137931,0.3464391691394659,0.30723684210526314
40,0.018,0.3406442769019877,0.33431971943686706,0.33664385342317515,0.31734960767218834,0.26205903527717783,0.3278443113772455,0.3060796645702306
40,0.02,0.33676033813114004,0.32585918731564867,0.33262686575439154,0.28620689655172415,0.24887556221889057,0.3069694596711042,0.28717948717948716
40,0.022,0.35115375828192824,0.3320162195205363,0.346043064108073,0.2664054848188051,0.21536025336500395,0.31099397590361444,0.3199070487993803
40,0.024,0.3570938999314599,0.33487119070931753,0.35489551470914066,0.26544401544401547,0.22802653399668324,0.2950075642965204,0.3217821782178218
40,0.026,0.35526616403929634,0.32861292055678615,0.357299602955866,0.2504816955684008,0.2294792586054722,0.2648569332355099,0.318342151675485
40,0.028,0.35892163582362346,0.32944326140015273,0.36544813712218993,0.23935666982024598,0.23666978484565013,0.25213675213675213,0.3320825515947467
40,0.03,0.36737491432488006,0.33276089559812677,0.37844854660852695,0.236816874400767,0.247,0.23656664340544312,0.341046277665996
40,0.032,0.36120630568882794,0.3209652162941145,0.3782754022068269,0.22028985507246376,0.24126984126984127,0.2050067658998647,0.3300653594771242
40,0.034,0.3605209047292666,0.314613318608338,0.3835532130033374,0.20406189555125726,0.24031890660592256,0.18712674187126743,0.33137485311398357
40,0.036,0.371944254055289,0.31434264684540664,0.39986272835573583,0.19783464566929135,0.2451219512195122,0.1691988950276243,0.310126582278481
40,0.038,0.38702307516563855,0.3195904080359398,0.4175680236781549,0.19875776397515527,0.24838292367399742,0.16361071932299012,0.3143631436314363
40,0.04,0.4000456933973041,0.3200879928853432,0.4358765544884423,0.18006430868167203,0.23728813559322035,0.15875265768958186,0.3260553129548763
44,0.01,0.30843043180260454,0.3058667721222283,0.314318374929443,0.37112561174551384,0.2779474648747709,0.3797381116471399,0.31024774774774777
44,0.012,0.315284441398218,0.31447337328961383,0.31552600109296747,0.35802469135802467,0.2597568777991043,0.3624393624393624,0.30710510863182616
44,0.014,0.3088873657756454,0.30734624806521954,0.3066418483570881,0.329102447869447,0.2402382528127068,0.3414295628036086,0.3014705882352941
44,0.016,0.31871144619602465,0.3164093799358431,0.31601288934897465,0.33425669436749766,0.24777549623545517,0.3435934144595562,0.3072983354673495
44,0.018,0.31848297920950425,0.3141863290361077,0.31484635928406995,0.3227665706051873,0.23812898653437278,0.3158620689655172,0.3088334457181389
44,0.02,0.32670779072424033,0.3176203563025568,0.32149984928323466,0.29273084479371314,0.2199261992619926,0.31590106007067137,0.31545518701482006
44,0.022,0.32419465387251545,0.30864018226194867,0.3179588113195658,0.2688284518828452,0.19845559845559846,0.2913955169920463,0.30007446016381234
44,0.024,0.3356180031985378,0.3160892542040434,0.3326605410770725,0.2567307692307692,0.21742671009771988,0.27715355805243447,0.2929532858273951
44,0.026,0.3436143477267535,0.31954903329754053,0.3435649327072763,0.24830261881668284,0.21861656703672075,0.26392961876832843,0.3043110735418428
44,0.028,0.3463559515649989,0.31926405320016654,0.3501055134400272,0.23540669856459331,0.2218214607754734,0.25251076040172166,0.31569506726457397
44,0.03,0.35252456020105094,0.319035369089361,0.35972395298287324,0.21944177093359,0.21734985700667303,0.24068767908309455,0.32
44,0.032,0.36600411240575736,0.3264226380885964,0.3768970046991757,0.2215508559919436,0.22110552763819097,0.23092926490984744,0.3391038696537678
44,0.034,0.36257710760795064,0.31862132255901776,0.37821286105107893,0.21314741035856574,0.22838847385272146,0.20766550522648083,0.32819383259911894
44,0.036,0.3737719899474526,0.32171233738610105,0.3942947582742474,0.20321931589537223,0.2292849035187287,0.19832985386221294,0.3352941176470588
44,0.038,0.37971213159698425,0.32100381348158197,0.404624987945948,0.19958847736625515,0.23345367027677497,0.18408304498269895,0.3316708229426434
44,0.04,0.39136394790952705,0.32400463374617133,0.42055393430583726,0.19858156028368795,0.251604621309371,0.17208966015907448,0.3169107856191744
48,0.01,0.29860635138222524,0.29415629906790675,0.30836148303465544,0.37343358395989973,0.266388557806913,0.38980716253443526,0.310989010989011
48,0.012,0.3093442997486863,0.30707138989309146,0.31326003037006706,0.3599320882852292,0.26351771286513365,0.3759197324414716,0.3248554913294798
48,0.014,0.3159698423577793,0.3153171199650972,0.3164024457632529,0.35319148936170214,0.2680878552971576,0.35374149659863946,0.31630170316301703
48,0.016,0.3136851724925748,0.3133443152892415,0.31341693597311754,0.3419732441471572,0.2743125419181757,0.33705512909979063,0.3055028462998102
48,0.018,0.3189399131825451,0.31777332211269926,0.31762301481579974,0.33029045643153526,0.2767732962447844,0.32551528073916136,0.3021108179419525
48,0.02,0.3264793237377199,0.3219889845327428,0.3237996932320239,0.3204225352112676,0.26262626262626265,0.31231884057971016,0.3018207282913165
48,0.022,0.3365318711446196,0.3280721112887796,0.33331576764255305,0.3182247403210576,0.25338345864661654,0.30387931034482757,0.3101173020527859
48,0.024,0.3278501256568426,0.313046504269812,0.3238314870003779,0.27606177606177607,0.2246661429693637,0.2849584278155707,0.2886676875957121
48,0.026,0.3333333333333333,0.3138187624059549,0.3314243805589613,0.2651663405088063,0.22396694214876034,0.2653817642698295,0.2905844155844156
48,0.028,0.3470413525245602,0.31949542114563156,0.34622245264026025,0.23919597989949748,0.20623916811091855,0.26860119047619047,0.31013745704467355
48,0.03,0.356636965958419,0.3237423972457704,0.3591459014046333,0.24975222993062438,0.22784810126582278,0.24258555133079848,0.290528233151184
48,0.032,0.35458076307973496,0.31466709754526817,0.3603226233629552,0.2225705329153605,0.20421860019175456,0.2264426588750913,0.30097087378640774
48,0.034,0.3548092300662554,0.3130186059969581,0.36472142740475355,0.21525600835945663,0.20956256358087488,0.21671388101983002,0.31384615384615383
48,0.036,0.3570938999314599,0.3094907366822603,0.3717427204385188,0.20725388601036268,0.21668472372697725,0.19673295454545456,0.3001083423618635
48,0.038,0.3598355037697053,0.310364985797774,0.38023716532501006,0.1903435468895079,0.23563218390804597,0.19413919413919414,0.3052995391705069
48,0.04,0.36463331048663467,0.30826620725796255,0.38956691923518955,0.18841911764705882,0.2506112469437653,0.17492492492492492,0.2880098887515451
